station_id;date_from;date_to;altitude;latitude;longitude;name;state;cumulative_precipitation
216;2004-10-01;2022-02-25;298;51.1143;7.8807;Attendorn-Neulisternohl;Nordrhein-Westfalen;273.7
389;2009-11-01;2022-03-01;436;51.0148;8.4318;Berleburg, Bad-Arfeld;Nordrhein-Westfalen;175.6
390;2004-07-01;2022-03-01;610;50.9837;8.3683;Berleburg, Bad-Stünzel;Nordrhein-Westfalen;179.2
613;2004-11-01;2022-03-01;206;51.5677;9.2324;Borgentreich;Nordrhein-Westfalen;130.1
644;2005-01-01;2022-03-01;150;51.7049;9.1738;Brakel;Nordrhein-Westfalen;115.0
796;2004-11-01;2022-03-01;412;50.7556;8.1257;Burbach-Würgendorf;Nordrhein-Westfalen;168.0
934;2004-10-01;2022-03-01;88;51.7835;8.5658;Delbrück;Nordrhein-Westfalen;116.8
1300;2004-06-01;2022-03-01;351;51.254;8.1565;Eslohe;Nordrhein-Westfalen;201.8
2483;1995-10-12;2022-03-01;839;51.1803;8.4891;Kahler Asten;Nordrhein-Westfalen;222.2
2947;2006-10-01;2022-03-01;286;51.1333;8.0348;Lennestadt-Theten;Nordrhein-Westfalen;291.1
3028;1995-09-01;2022-03-01;157;51.7854;8.8388;Lippspringe, Bad;Nordrhein-Westfalen;179.3
3031;2004-07-01;2022-03-01;92;51.6336;8.3945;Lippstadt-Bökenförde;Nordrhein-Westfalen;157.1
3098;1995-09-01;2022-03-01;387;51.2452;7.6425;Lüdenscheid;Nordrhein-Westfalen;169.1
3215;2007-06-01;2022-03-01;375;51.1683;8.7125;Medebach-Berge;Nordrhein-Westfalen;189.3
3499;2006-07-01;2022-03-01;292;51.2915;7.853;Neuenrade-Blintrop;Nordrhein-Westfalen;191.6
4127;2005-01-01;2022-03-01;347;50.9906;7.6958;Reichshof-Eckenhagen;Nordrhein-Westfalen;137.8
4313;2004-08-01;2022-03-01;370;51.4966;8.4342;Rüthen;Nordrhein-Westfalen;234.2
4368;2004-10-01;2022-03-01;93;51.7098;8.5796;Salzkotten;Nordrhein-Westfalen;140.8
4400;2004-08-01;2022-03-01;171;51.5439;8.1808;Sassendorf, Bad-Beusingsen;Nordrhein-Westfalen;131.7
4488;2006-08-01;2022-03-01;443;51.2127;8.2672;Schmallenberg-Sellinghausen;Nordrhein-Westfalen;261.8
4692;2008-03-01;2018-12-01;229;50.8534;7.9966;Siegen (Kläranlage);Nordrhein-Westfalen;144.9
5347;1995-09-01;2022-02-28;236;51.5039;9.1118;Warburg;Nordrhein-Westfalen;119.6
5360;2007-07-01;2022-03-01;331;51.4319;8.2665;Warstein-Hirschberg;Nordrhein-Westfalen;252.8
5468;2006-07-01;2020-10-01;418;50.9377;7.8475;Wenden-Dörnscheid;Nordrhein-Westfalen;152.1
5480;2003-09-10;2022-03-01;85;51.5763;7.8879;Werl;Nordrhein-Westfalen;169.3
5619;2004-12-01;2022-03-01;360;51.1637;7.4234;Wipperfürth-Gardeweg;Nordrhein-Westfalen;207.3
5699;2004-11-01;2022-03-01;312;51.5427;8.7784;Wünnenberg-Eilern;Nordrhein-Westfalen;179.7
6264;2004-06-01;2022-03-01;457;51.414;8.65;Brilon-Thülen;Nordrhein-Westfalen;132.9
6276;2004-11-01;2019-11-02;235;51.4895;7.7813;Fröndenberg-Hohenheide;Nordrhein-Westfalen;172.8
6313;2004-12-01;2022-03-01;440;51.2488;7.4672;Breckerfeld-Wengeberg;Nordrhein-Westfalen;216.8
7330;2005-10-01;2022-03-01;159;51.4633;7.978;Arnsberg-Neheim;Nordrhein-Westfalen;214.2
13700;2008-05-01;2022-03-01;203;51.3329;7.3412;Gevelsberg-Oberbröking;Nordrhein-Westfalen;180.8
13713;2007-11-01;2022-03-01;386;51.0899;7.6289;Meinerzhagen-Redlendorf;Nordrhein-Westfalen;182.9
